{
    "box": {
        "centerX": 0.0,
        "centerY": 0.0,
        "width": 210.5,
        "length": 432.22
    },
    "metadata": {
        "speedX": 0.25162394315712383,
        "speedY": -0.09572043977397512,
        "accelX": -0.09402215210063272,
        "accelY": 0.1441150419999842
    },
    "type": "TYPE_VEHICLE",
    "id": "-"
}